,precision,recall,f1-score,support
APPLIED,0.9671052631578947,0.98,0.9735099337748344,150.0
SURVEY,0.9844961240310077,0.9844961240310077,0.9844961240310077,129.0
THEORETICAL,0.9932432432432432,0.98,0.9865771812080537,150.0
accuracy,0.9813519813519813,0.9813519813519813,0.9813519813519813,0.9813519813519813
macro avg,0.9816148768107151,0.9814987080103359,0.9815277463379651,429.0
weighted avg,0.9814738367369944,0.9813519813519813,0.981382441136208,429.0
