,precision,recall,f1-score,support
APPLIED,0.9415584415584416,0.9666666666666667,0.9539473684210527,150.0
SURVEY,0.984375,0.9767441860465116,0.980544747081712,129.0
THEORETICAL,0.9795918367346939,0.96,0.9696969696969697,150.0
accuracy,0.9673659673659674,0.9673659673659674,0.9673659673659674,0.9673659673659674
macro avg,0.9685084260977117,0.9678036175710595,0.9680630283999115,429.0
weighted avg,0.9677317406619355,0.9673659673659674,0.9674520351777256,429.0
