{
  "best_c": 0.25,
  "test_accuracy": 0.9673659673659674,
  "test_macro_f1": 0.9680630283999115,
  "test_weighted_f1": 0.9674520351777256
}